n,m,k,insert_calls,deletemin_calls,update_calls,heapify_up_calls,heapify_down_calls,insert_heapify_up,deletemin_heapify_up,deletemin_heapify_down,update_heapify_up,update_heapify_down,r_insert,r_deletemin,r_update,i_ratio,d_ratio,u_ratio,log_k_n
1024,1024,2,4,4,0,4,4,4,0,4,0,0,0.4,0.4,0.0,0.00390625,0.00390625,0.0,10.0
1024,1024,2,6,6,0,8,6,8,0,6,0,0,0.8,0.6,0.0,0.005859375,0.005859375,0.0,10.0
1024,1024,2,1,1,0,1,1,1,0,1,0,0,0.1,0.1,0.0,0.0009765625,0.0009765625,0.0,10.0
1024,1024,2,4,4,0,4,4,4,0,4,0,0,0.4,0.4,0.0,0.00390625,0.00390625,0.0,10.0
1024,1024,2,1,1,0,1,1,1,0,1,0,0,0.1,0.1,0.0,0.0009765625,0.0009765625,0.0,10.0
1024,1024,2,14,14,0,14,14,14,0,14,0,0,1.4,1.4,0.0,0.013671875,0.013671875,0.0,10.0
1024,1024,2,24,24,0,31,31,31,0,31,0,0,3.1,3.1,0.0,0.0234375,0.0234375,0.0,10.0
1024,1024,2,1,1,0,1,1,1,0,1,0,0,0.1,0.1,0.0,0.0009765625,0.0009765625,0.0,10.0
1024,1024,2,5,5,0,5,5,5,0,5,0,0,0.5,0.5,0.0,0.0048828125,0.0048828125,0.0,10.0
1024,1024,2,1,1,0,1,1,1,0,1,0,0,0.1,0.1,0.0,0.0009765625,0.0009765625,0.0,10.0
1024,1024,2,8,8,0,8,8,8,0,8,0,0,0.8,0.8,0.0,0.0078125,0.0078125,0.0,10.0
1024,1024,2,4,4,0,5,4,5,0,4,0,0,0.5,0.4,0.0,0.00390625,0.00390625,0.0,10.0
1024,1024,2,1,1,0,1,1,1,0,1,0,0,0.1,0.1,0.0,0.0009765625,0.0009765625,0.0,10.0
1024,1024,2,11,11,0,15,16,15,0,16,0,0,1.5,1.6,0.0,0.0107421875,0.0107421875,0.0,10.0
1024,1024,2,1,1,0,1,1,1,0,1,0,0,0.1,0.1,0.0,0.0009765625,0.0009765625,0.0,10.0
1024,2048,2,1,1,0,1,1,1,0,1,0,0,0.1,0.1,0.0,0.0009765625,0.0009765625,0.0,10.0
1024,2048,2,3,3,0,3,3,3,0,3,0,0,0.3,0.3,0.0,0.0029296875,0.0029296875,0.0,10.0
1024,2048,2,827,827,53,1405,5071,1314,0,5071,91,0,131.4,507.1,9.1,0.8076171875,0.8076171875,0.02587890625,10.0
1024,2048,2,1,1,0,1,1,1,0,1,0,0,0.1,0.1,0.0,0.0009765625,0.0009765625,0.0,10.0
1024,2048,2,827,827,45,1340,5218,1259,0,5218,81,0,125.9,521.8,8.1,0.8076171875,0.8076171875,0.02197265625,10.0
1024,2048,2,827,827,42,1380,5043,1309,0,5043,71,0,130.9,504.3,7.1,0.8076171875,0.8076171875,0.0205078125,10.0
1024,2048,2,1,1,0,1,1,1,0,1,0,0,0.1,0.1,0.0,0.0009765625,0.0009765625,0.0,10.0
1024,2048,2,2,2,0,2,2,2,0,2,0,0,0.2,0.2,0.0,0.001953125,0.001953125,0.0,10.0
1024,2048,2,828,828,56,1334,5150,1237,0,5150,97,0,123.7,515.0,9.7,0.80859375,0.80859375,0.02734375,10.0
1024,2048,2,827,827,58,1384,5175,1263,0,5175,121,0,126.3,517.5,12.1,0.8076171875,0.8076171875,0.0283203125,10.0
1024,2048,2,1,1,0,1,1,1,0,1,0,0,0.1,0.1,0.0,0.0009765625,0.0009765625,0.0,10.0
1024,2048,2,1,1,0,1,1,1,0,1,0,0,0.1,0.1,0.0,0.0009765625,0.0009765625,0.0,10.0
1024,2048,2,1,1,0,1,1,1,0,1,0,0,0.1,0.1,0.0,0.0009765625,0.0009765625,0.0,10.0
1024,2048,2,827,827,54,1397,5098,1292,0,5098,105,0,129.2,509.8,10.5,0.8076171875,0.8076171875,0.0263671875,10.0
1024,2048,2,827,827,57,1394,5087,1294,0,5087,100,0,129.4,508.7,10.0,0.8076171875,0.8076171875,0.02783203125,10.0
1024,4096,2,1002,1002,323,2216,7600,1581,0,7600,635,0,158.1,760.0,63.5,0.978515625,0.978515625,0.078857421875,10.0
1024,4096,2,1002,1002,303,2180,7674,1619,0,7674,561,0,161.9,767.4,56.1,0.978515625,0.978515625,0.073974609375,10.0
1024,4096,2,1002,1002,338,2270,7655,1641,0,7655,629,0,164.1,765.5,62.9,0.978515625,0.978515625,0.08251953125,10.0
1024,4096,2,1002,1002,326,2215,7552,1619,0,7552,596,0,161.9,755.2,59.6,0.978515625,0.978515625,0.07958984375,10.0
1024,4096,2,1003,1003,329,2293,7603,1677,0,7603,616,0,167.7,760.3,61.6,0.9794921875,0.9794921875,0.080322265625,10.0
1024,4096,2,1002,1002,339,2245,7546,1637,0,7546,608,0,163.7,754.6,60.8,0.978515625,0.978515625,0.082763671875,10.0
1024,4096,2,1002,1002,340,2239,7560,1600,0,7560,639,0,160.0,756.0,63.9,0.978515625,0.978515625,0.0830078125,10.0
1024,4096,2,1002,1002,330,2276,7587,1632,0,7587,644,0,163.2,758.7,64.4,0.978515625,0.978515625,0.08056640625,10.0
1024,4096,2,1002,1002,310,2230,7619,1596,0,7619,634,0,159.6,761.9,63.4,0.978515625,0.978515625,0.07568359375,10.0
1024,4096,2,1002,1002,334,2270,7563,1640,0,7563,630,0,164.0,756.3,63.0,0.978515625,0.978515625,0.08154296875,10.0
1024,4096,2,1002,1002,293,2243,7586,1667,0,7586,576,0,166.7,758.6,57.6,0.978515625,0.978515625,0.071533203125,10.0
1024,4096,2,1002,1002,319,2296,7591,1670,0,7591,626,0,167.0,759.1,62.6,0.978515625,0.978515625,0.077880859375,10.0
1024,4096,2,1002,1002,334,2299,7611,1635,0,7611,664,0,163.5,761.1,66.4,0.978515625,0.978515625,0.08154296875,10.0
1024,4096,2,1002,1002,328,2205,7580,1620,0,7580,585,0,162.0,758.0,58.5,0.978515625,0.978515625,0.080078125,10.0
1024,4096,2,1002,1002,303,2236,7658,1656,0,7658,580,0,165.6,765.8,58.0,0.978515625,0.978515625,0.073974609375,10.0
2048,2048,2,4,4,0,4,4,4,0,4,0,0,0.36363636363636365,0.36363636363636365,0.0,0.001953125,0.001953125,0.0,11.0
2048,2048,2,1,1,0,1,1,1,0,1,0,0,0.09090909090909091,0.09090909090909091,0.0,0.00048828125,0.00048828125,0.0,11.0
2048,2048,2,2,2,0,2,2,2,0,2,0,0,0.18181818181818182,0.18181818181818182,0.0,0.0009765625,0.0009765625,0.0,11.0
2048,2048,2,2,2,0,2,2,2,0,2,0,0,0.18181818181818182,0.18181818181818182,0.0,0.0009765625,0.0009765625,0.0,11.0
2048,2048,2,1,1,0,1,1,1,0,1,0,0,0.09090909090909091,0.09090909090909091,0.0,0.00048828125,0.00048828125,0.0,11.0
2048,2048,2,4,4,0,4,4,4,0,4,0,0,0.36363636363636365,0.36363636363636365,0.0,0.001953125,0.001953125,0.0,11.0
2048,2048,2,4,4,0,4,4,4,0,4,0,0,0.36363636363636365,0.36363636363636365,0.0,0.001953125,0.001953125,0.0,11.0
2048,2048,2,6,6,0,6,6,6,0,6,0,0,0.5454545454545454,0.5454545454545454,0.0,0.0029296875,0.0029296875,0.0,11.0
2048,2048,2,1,1,0,1,1,1,0,1,0,0,0.09090909090909091,0.09090909090909091,0.0,0.00048828125,0.00048828125,0.0,11.0
2048,2048,2,1,1,0,1,1,1,0,1,0,0,0.09090909090909091,0.09090909090909091,0.0,0.00048828125,0.00048828125,0.0,11.0
2048,2048,2,62,62,0,88,173,88,0,173,0,0,8.0,15.727272727272727,0.0,0.0302734375,0.0302734375,0.0,11.0
2048,2048,2,1,1,0,1,1,1,0,1,0,0,0.09090909090909091,0.09090909090909091,0.0,0.00048828125,0.00048828125,0.0,11.0
2048,2048,2,1,1,0,1,1,1,0,1,0,0,0.09090909090909091,0.09090909090909091,0.0,0.00048828125,0.00048828125,0.0,11.0
2048,2048,2,5,5,0,5,6,5,0,6,0,0,0.45454545454545453,0.5454545454545454,0.0,0.00244140625,0.00244140625,0.0,11.0
2048,2048,2,26,26,0,36,58,36,0,58,0,0,3.272727272727273,5.2727272727272725,0.0,0.0126953125,0.0126953125,0.0,11.0
2048,4096,2,1,1,0,1,1,1,0,1,0,0,0.09090909090909091,0.09090909090909091,0.0,0.00048828125,0.00048828125,0.0,11.0
2048,4096,2,1647,1647,112,2724,11940,2514,0,11940,210,0,228.54545454545453,1085.4545454545455,19.09090909090909,0.80419921875,0.80419921875,0.02734375,11.0
2048,4096,2,1,1,0,1,1,1,0,1,0,0,0.09090909090909091,0.09090909090909091,0.0,0.00048828125,0.00048828125,0.0,11.0
2048,4096,2,1647,1647,122,2728,11782,2499,0,11782,229,0,227.1818181818182,1071.090909090909,20.818181818181817,0.80419921875,0.80419921875,0.02978515625,11.0
2048,4096,2,1647,1647,98,2660,11811,2466,0,11811,194,0,224.1818181818182,1073.7272727272727,17.636363636363637,0.80419921875,0.80419921875,0.02392578125,11.0
2048,4096,2,5,5,0,5,5,5,0,5,0,0,0.45454545454545453,0.45454545454545453,0.0,0.00244140625,0.00244140625,0.0,11.0
2048,4096,2,1647,1647,118,2661,11935,2433,0,11935,228,0,221.1818181818182,1085.0,20.727272727272727,0.80419921875,0.80419921875,0.02880859375,11.0
2048,4096,2,1647,1647,112,2711,11924,2479,0,11924,232,0,225.36363636363637,1084.0,21.09090909090909,0.80419921875,0.80419921875,0.02734375,11.0
2048,4096,2,1647,1647,117,2730,11821,2497,0,11821,233,0,227.0,1074.6363636363637,21.181818181818183,0.80419921875,0.80419921875,0.028564453125,11.0
2048,4096,2,1647,1647,106,2703,11843,2514,0,11843,189,0,228.54545454545453,1076.6363636363637,17.181818181818183,0.80419921875,0.80419921875,0.02587890625,11.0
2048,4096,2,1,1,0,1,1,1,0,1,0,0,0.09090909090909091,0.09090909090909091,0.0,0.00048828125,0.00048828125,0.0,11.0
2048,4096,2,1647,1647,103,2684,11795,2483,0,11795,201,0,225.72727272727272,1072.2727272727273,18.272727272727273,0.80419921875,0.80419921875,0.025146484375,11.0
2048,4096,2,1647,1647,99,2667,11845,2446,0,11845,221,0,222.36363636363637,1076.8181818181818,20.09090909090909,0.80419921875,0.80419921875,0.024169921875,11.0
2048,4096,2,1,1,0,1,1,1,0,1,0,0,0.09090909090909091,0.09090909090909091,0.0,0.00048828125,0.00048828125,0.0,11.0
2048,4096,2,1649,1649,110,2752,11976,2536,0,11976,216,0,230.54545454545453,1088.7272727272727,19.636363636363637,0.80517578125,0.80517578125,0.02685546875,11.0
2048,8192,2,2002,2002,580,4466,17119,3330,0,17119,1136,0,302.72727272727275,1556.2727272727273,103.27272727272727,0.9775390625,0.9775390625,0.07080078125,11.0
2048,8192,2,2002,2002,615,4460,17131,3212,0,17131,1248,0,292.0,1557.3636363636363,113.45454545454545,0.9775390625,0.9775390625,0.0750732421875,11.0
2048,8192,2,2002,2002,635,4536,17147,3293,0,17147,1243,0,299.3636363636364,1558.8181818181818,113.0,0.9775390625,0.9775390625,0.0775146484375,11.0
2048,8192,2,2002,2002,634,4584,17110,3334,0,17110,1250,0,303.09090909090907,1555.4545454545455,113.63636363636364,0.9775390625,0.9775390625,0.077392578125,11.0
2048,8192,2,2002,2002,587,4341,17039,3189,0,17039,1152,0,289.90909090909093,1549.0,104.72727272727273,0.9775390625,0.9775390625,0.0716552734375,11.0
2048,8192,2,2002,2002,616,4388,17120,3225,0,17120,1163,0,293.1818181818182,1556.3636363636363,105.72727272727273,0.9775390625,0.9775390625,0.0751953125,11.0
2048,8192,2,1,1,0,1,1,1,0,1,0,0,0.09090909090909091,0.09090909090909091,0.0,0.00048828125,0.00048828125,0.0,11.0
2048,8192,2,2002,2002,636,4489,17126,3249,0,17126,1240,0,295.3636363636364,1556.909090909091,112.72727272727273,0.9775390625,0.9775390625,0.07763671875,11.0
2048,8192,2,2002,2002,593,4446,17117,3314,0,17117,1132,0,301.27272727272725,1556.090909090909,102.9090909090909,0.9775390625,0.9775390625,0.0723876953125,11.0
2048,8192,2,2002,2002,610,4508,17084,3281,0,17084,1227,0,298.27272727272725,1553.090909090909,111.54545454545455,0.9775390625,0.9775390625,0.074462890625,11.0
2048,8192,2,2003,2003,620,4494,17123,3289,0,17123,1205,0,299.0,1556.6363636363637,109.54545454545455,0.97802734375,0.97802734375,0.07568359375,11.0
2048,8192,2,2002,2002,599,4493,17077,3356,0,17077,1137,0,305.09090909090907,1552.4545454545455,103.36363636363636,0.9775390625,0.9775390625,0.0731201171875,11.0
2048,8192,2,2003,2003,615,4532,17096,3320,0,17096,1212,0,301.8181818181818,1554.1818181818182,110.18181818181819,0.97802734375,0.97802734375,0.0750732421875,11.0
2048,8192,2,2002,2002,649,4583,17172,3273,0,17172,1310,0,297.54545454545456,1561.090909090909,119.0909090909091,0.9775390625,0.9775390625,0.0792236328125,11.0
2048,8192,2,2002,2002,638,4469,17062,3261,0,17062,1208,0,296.45454545454544,1551.090909090909,109.81818181818181,0.9775390625,0.9775390625,0.077880859375,11.0
4096,4096,2,89,89,0,121,155,121,0,155,0,0,10.083333333333334,12.916666666666666,0.0,0.021728515625,0.021728515625,0.0,12.0
4096,4096,2,2,2,0,2,2,2,0,2,0,0,0.16666666666666666,0.16666666666666666,0.0,0.00048828125,0.00048828125,0.0,12.0
4096,4096,2,1,1,0,1,1,1,0,1,0,0,0.08333333333333333,0.08333333333333333,0.0,0.000244140625,0.000244140625,0.0,12.0
4096,4096,2,1,1,0,1,1,1,0,1,0,0,0.08333333333333333,0.08333333333333333,0.0,0.000244140625,0.000244140625,0.0,12.0
4096,4096,2,3,3,0,3,3,3,0,3,0,0,0.25,0.25,0.0,0.000732421875,0.000732421875,0.0,12.0
4096,4096,2,26,26,0,36,46,36,0,46,0,0,3.0,3.8333333333333335,0.0,0.00634765625,0.00634765625,0.0,12.0
4096,4096,2,2,2,0,2,2,2,0,2,0,0,0.16666666666666666,0.16666666666666666,0.0,0.00048828125,0.00048828125,0.0,12.0
4096,4096,2,5,5,0,6,5,6,0,5,0,0,0.5,0.4166666666666667,0.0,0.001220703125,0.001220703125,0.0,12.0
4096,4096,2,7,7,0,10,8,10,0,8,0,0,0.8333333333333334,0.6666666666666666,0.0,0.001708984375,0.001708984375,0.0,12.0
4096,4096,2,1,1,0,1,1,1,0,1,0,0,0.08333333333333333,0.08333333333333333,0.0,0.000244140625,0.000244140625,0.0,12.0
4096,4096,2,1,1,0,1,1,1,0,1,0,0,0.08333333333333333,0.08333333333333333,0.0,0.000244140625,0.000244140625,0.0,12.0
4096,4096,2,12,12,0,13,13,13,0,13,0,0,1.0833333333333333,1.0833333333333333,0.0,0.0029296875,0.0029296875,0.0,12.0
4096,4096,2,2,2,0,2,2,2,0,2,0,0,0.16666666666666666,0.16666666666666666,0.0,0.00048828125,0.00048828125,0.0,12.0
4096,4096,2,3,3,0,3,3,3,0,3,0,0,0.25,0.25,0.0,0.000732421875,0.000732421875,0.0,12.0
4096,4096,2,3,3,0,3,3,3,0,3,0,0,0.25,0.25,0.0,0.000732421875,0.000732421875,0.0,12.0
4096,8192,2,3266,3266,205,5249,26439,4853,0,26439,396,0,404.4166666666667,2203.25,33.0,0.79736328125,0.79736328125,0.0250244140625,12.0
4096,8192,2,3266,3266,221,5291,26603,4893,0,26603,398,0,407.75,2216.9166666666665,33.166666666666664,0.79736328125,0.79736328125,0.0269775390625,12.0
4096,8192,2,3266,3266,227,5417,26685,4969,0,26685,448,0,414.0833333333333,2223.75,37.333333333333336,0.79736328125,0.79736328125,0.0277099609375,12.0
4096,8192,2,3266,3266,200,5267,26594,4884,0,26594,383,0,407.0,2216.1666666666665,31.916666666666668,0.79736328125,0.79736328125,0.0244140625,12.0
4096,8192,2,3266,3266,206,5249,26301,4859,0,26301,390,0,404.9166666666667,2191.75,32.5,0.79736328125,0.79736328125,0.025146484375,12.0
4096,8192,2,3266,3266,210,5341,26721,4916,0,26721,425,0,409.6666666666667,2226.75,35.416666666666664,0.79736328125,0.79736328125,0.025634765625,12.0
4096,8192,2,3268,3268,191,5314,26400,4926,0,26400,388,0,410.5,2200.0,32.333333333333336,0.7978515625,0.7978515625,0.0233154296875,12.0
4096,8192,2,1,1,0,1,1,1,0,1,0,0,0.08333333333333333,0.08333333333333333,0.0,0.000244140625,0.000244140625,0.0,12.0
4096,8192,2,3266,3266,216,5313,26708,4880,0,26708,433,0,406.6666666666667,2225.6666666666665,36.083333333333336,0.79736328125,0.79736328125,0.0263671875,12.0
4096,8192,2,3266,3266,187,5240,26443,4880,0,26443,360,0,406.6666666666667,2203.5833333333335,30.0,0.79736328125,0.79736328125,0.0228271484375,12.0
4096,8192,2,3268,3268,205,5369,26687,4958,0,26687,411,0,413.1666666666667,2223.9166666666665,34.25,0.7978515625,0.7978515625,0.0250244140625,12.0
4096,8192,2,1,1,0,1,1,1,0,1,0,0,0.08333333333333333,0.08333333333333333,0.0,0.000244140625,0.000244140625,0.0,12.0
4096,8192,2,3266,3266,201,5231,26636,4841,0,26636,390,0,403.4166666666667,2219.6666666666665,32.5,0.79736328125,0.79736328125,0.0245361328125,12.0
4096,8192,2,3266,3266,190,5289,26544,4933,0,26544,356,0,411.0833333333333,2212.0,29.666666666666668,0.79736328125,0.79736328125,0.023193359375,12.0
4096,8192,2,1,1,0,1,1,1,0,1,0,0,0.08333333333333333,0.08333333333333333,0.0,0.000244140625,0.000244140625,0.0,12.0
4096,16384,2,4014,4014,1265,9044,38290,6576,0,38290,2468,0,548.0,3190.8333333333335,205.66666666666666,0.97998046875,0.97998046875,0.07720947265625,12.0
4096,16384,2,4014,4014,1294,9259,38277,6715,0,38277,2544,0,559.5833333333334,3189.75,212.0,0.97998046875,0.97998046875,0.0789794921875,12.0
4096,16384,2,4014,4014,1239,9115,38315,6740,0,38315,2375,0,561.6666666666666,3192.9166666666665,197.91666666666666,0.97998046875,0.97998046875,0.07562255859375,12.0
4096,16384,2,4014,4014,1358,9373,38351,6667,0,38351,2706,0,555.5833333333334,3195.9166666666665,225.5,0.97998046875,0.97998046875,0.0828857421875,12.0
4096,16384,2,4014,4014,1325,9305,38341,6739,0,38341,2566,0,561.5833333333334,3195.0833333333335,213.83333333333334,0.97998046875,0.97998046875,0.08087158203125,12.0
4096,16384,2,4014,4014,1297,9296,38277,6775,0,38277,2521,0,564.5833333333334,3189.75,210.08333333333334,0.97998046875,0.97998046875,0.07916259765625,12.0
4096,16384,2,4014,4014,1298,9174,38255,6654,0,38255,2520,0,554.5,3187.9166666666665,210.0,0.97998046875,0.97998046875,0.0792236328125,12.0
4096,16384,2,4014,4014,1279,9273,38216,6710,0,38216,2563,0,559.1666666666666,3184.6666666666665,213.58333333333334,0.97998046875,0.97998046875,0.07806396484375,12.0
4096,16384,2,4014,4014,1316,9273,38255,6705,0,38255,2568,0,558.75,3187.9166666666665,214.0,0.97998046875,0.97998046875,0.080322265625,12.0
4096,16384,2,4014,4014,1262,9240,38295,6747,0,38295,2493,0,562.25,3191.25,207.75,0.97998046875,0.97998046875,0.0770263671875,12.0
4096,16384,2,4014,4014,1317,9336,38150,6729,0,38150,2607,0,560.75,3179.1666666666665,217.25,0.97998046875,0.97998046875,0.08038330078125,12.0
4096,16384,2,4014,4014,1250,9042,38216,6558,0,38216,2484,0,546.5,3184.6666666666665,207.0,0.97998046875,0.97998046875,0.0762939453125,12.0
4096,16384,2,4014,4014,1280,9230,38172,6705,0,38172,2525,0,558.75,3181.0,210.41666666666666,0.97998046875,0.97998046875,0.078125,12.0
4096,16384,2,4014,4014,1276,9125,38111,6639,0,38111,2486,0,553.25,3175.9166666666665,207.16666666666666,0.97998046875,0.97998046875,0.077880859375,12.0
4096,16384,2,4014,4014,1340,9313,38411,6688,0,38411,2625,0,557.3333333333334,3200.9166666666665,218.75,0.97998046875,0.97998046875,0.081787109375,12.0
8192,8192,2,27,27,0,37,39,37,0,39,0,0,2.8461538461538463,3.0,0.0,0.0032958984375,0.0032958984375,0.0,13.0
8192,8192,2,6,6,0,7,6,7,0,6,0,0,0.5384615384615384,0.46153846153846156,0.0,0.000732421875,0.000732421875,0.0,13.0
8192,8192,2,1,1,0,1,1,1,0,1,0,0,0.07692307692307693,0.07692307692307693,0.0,0.0001220703125,0.0001220703125,0.0,13.0
8192,8192,2,3,3,0,4,3,4,0,3,0,0,0.3076923076923077,0.23076923076923078,0.0,0.0003662109375,0.0003662109375,0.0,13.0
8192,8192,2,512,512,0,785,1683,785,0,1683,0,0,60.38461538461539,129.46153846153845,0.0,0.0625,0.0625,0.0,13.0
8192,8192,2,2,2,0,2,2,2,0,2,0,0,0.15384615384615385,0.15384615384615385,0.0,0.000244140625,0.000244140625,0.0,13.0
8192,8192,2,1,1,0,1,1,1,0,1,0,0,0.07692307692307693,0.07692307692307693,0.0,0.0001220703125,0.0001220703125,0.0,13.0
8192,8192,2,1,1,0,1,1,1,0,1,0,0,0.07692307692307693,0.07692307692307693,0.0,0.0001220703125,0.0001220703125,0.0,13.0
8192,8192,2,1,1,0,1,1,1,0,1,0,0,0.07692307692307693,0.07692307692307693,0.0,0.0001220703125,0.0001220703125,0.0,13.0
8192,8192,2,731,731,0,1109,2745,1109,0,2745,0,0,85.3076923076923,211.15384615384616,0.0,0.0892333984375,0.0892333984375,0.0,13.0
8192,8192,2,1,1,0,1,1,1,0,1,0,0,0.07692307692307693,0.07692307692307693,0.0,0.0001220703125,0.0001220703125,0.0,13.0
8192,8192,2,22,22,0,28,26,28,0,26,0,0,2.1538461538461537,2.0,0.0,0.002685546875,0.002685546875,0.0,13.0
8192,8192,2,2,2,0,2,2,2,0,2,0,0,0.15384615384615385,0.15384615384615385,0.0,0.000244140625,0.000244140625,0.0,13.0
8192,8192,2,79,79,0,107,182,107,0,182,0,0,8.23076923076923,14.0,0.0,0.0096435546875,0.0096435546875,0.0,13.0
8192,8192,2,121,121,0,191,330,191,0,330,0,0,14.692307692307692,25.384615384615383,0.0,0.0147705078125,0.0147705078125,0.0,13.0
8192,16384,2,6568,6568,430,10662,60368,9811,0,60368,851,0,754.6923076923077,4643.692307692308,65.46153846153847,0.8017578125,0.8017578125,0.0262451171875,13.0
8192,16384,2,6568,6568,458,10576,60148,9636,0,60148,940,0,741.2307692307693,4626.7692307692305,72.3076923076923,0.8017578125,0.8017578125,0.0279541015625,13.0
8192,16384,2,1,1,0,1,1,1,0,1,0,0,0.07692307692307693,0.07692307692307693,0.0,0.0001220703125,0.0001220703125,0.0,13.0
8192,16384,2,3,3,0,3,3,3,0,3,0,0,0.23076923076923078,0.23076923076923078,0.0,0.0003662109375,0.0003662109375,0.0,13.0
8192,16384,2,6568,6568,450,10581,60278,9666,0,60278,915,0,743.5384615384615,4636.7692307692305,70.38461538461539,0.8017578125,0.8017578125,0.0274658203125,13.0
8192,16384,2,6568,6568,478,10640,60496,9726,0,60496,914,0,748.1538461538462,4653.538461538462,70.3076923076923,0.8017578125,0.8017578125,0.0291748046875,13.0
8192,16384,2,6568,6568,447,10711,60471,9791,0,60471,920,0,753.1538461538462,4651.615384615385,70.76923076923077,0.8017578125,0.8017578125,0.02728271484375,13.0
8192,16384,2,2,2,0,2,2,2,0,2,0,0,0.15384615384615385,0.15384615384615385,0.0,0.000244140625,0.000244140625,0.0,13.0
8192,16384,2,6568,6568,446,10498,60073,9657,0,60073,841,0,742.8461538461538,4621.0,64.6923076923077,0.8017578125,0.8017578125,0.0272216796875,13.0
8192,16384,2,6568,6568,455,10655,60192,9771,0,60192,884,0,751.6153846153846,4630.153846153846,68.0,0.8017578125,0.8017578125,0.02777099609375,13.0
8192,16384,2,6568,6568,471,10735,60456,9790,0,60456,945,0,753.0769230769231,4650.461538461538,72.6923076923077,0.8017578125,0.8017578125,0.02874755859375,13.0
8192,16384,2,1,1,0,1,1,1,0,1,0,0,0.07692307692307693,0.07692307692307693,0.0,0.0001220703125,0.0001220703125,0.0,13.0
8192,16384,2,6568,6568,462,10718,60566,9760,0,60566,958,0,750.7692307692307,4658.923076923077,73.6923076923077,0.8017578125,0.8017578125,0.0281982421875,13.0
8192,16384,2,6568,6568,442,10754,60431,9880,0,60431,874,0,760.0,4648.538461538462,67.23076923076923,0.8017578125,0.8017578125,0.0269775390625,13.0
8192,16384,2,6568,6568,453,10616,60317,9718,0,60317,898,0,747.5384615384615,4639.7692307692305,69.07692307692308,0.8017578125,0.8017578125,0.02764892578125,13.0
8192,32768,2,8030,8030,2526,18040,84546,13271,0,84546,4769,0,1020.8461538461538,6503.538461538462,366.84615384615387,0.980224609375,0.980224609375,0.07708740234375,13.0
8192,32768,2,8030,8030,2478,18129,84611,13517,0,84611,4612,0,1039.7692307692307,6508.538461538462,354.7692307692308,0.980224609375,0.980224609375,0.07562255859375,13.0
8192,32768,2,8030,8030,2572,18198,84581,13225,0,84581,4973,0,1017.3076923076923,6506.2307692307695,382.53846153846155,0.980224609375,0.980224609375,0.0784912109375,13.0
8192,32768,2,8030,8030,2549,18271,84698,13288,0,84698,4983,0,1022.1538461538462,6515.2307692307695,383.3076923076923,0.980224609375,0.980224609375,0.077789306640625,13.0
8192,32768,2,8030,8030,2563,18229,84512,13316,0,84512,4913,0,1024.3076923076924,6500.923076923077,377.9230769230769,0.980224609375,0.980224609375,0.078216552734375,13.0
8192,32768,2,8030,8030,2573,18315,84407,13354,0,84407,4961,0,1027.2307692307693,6492.846153846154,381.61538461538464,0.980224609375,0.980224609375,0.078521728515625,13.0
8192,32768,2,8030,8030,2461,18046,84346,13332,0,84346,4714,0,1025.5384615384614,6488.153846153846,362.61538461538464,0.980224609375,0.980224609375,0.075103759765625,13.0
8192,32768,2,8030,8030,2445,17971,84379,13219,0,84379,4752,0,1016.8461538461538,6490.692307692308,365.53846153846155,0.980224609375,0.980224609375,0.074615478515625,13.0
8192,32768,2,8030,8030,2555,18212,84479,13328,0,84479,4884,0,1025.2307692307693,6498.384615384615,375.6923076923077,0.980224609375,0.980224609375,0.077972412109375,13.0
8192,32768,2,8030,8030,2564,18190,84384,13267,0,84384,4923,0,1020.5384615384615,6491.076923076923,378.6923076923077,0.980224609375,0.980224609375,0.0782470703125,13.0
8192,32768,2,8030,8030,2533,17907,84467,13122,0,84467,4785,0,1009.3846153846154,6497.461538461538,368.0769230769231,0.980224609375,0.980224609375,0.077301025390625,13.0
8192,32768,2,8030,8030,2527,18204,84523,13426,0,84523,4778,0,1032.7692307692307,6501.7692307692305,367.53846153846155,0.980224609375,0.980224609375,0.077117919921875,13.0
8192,32768,2,8030,8030,2482,18095,84450,13364,0,84450,4731,0,1028.0,6496.153846153846,363.9230769230769,0.980224609375,0.980224609375,0.07574462890625,13.0
8192,32768,2,1,1,0,1,1,1,0,1,0,0,0.07692307692307693,0.07692307692307693,0.0,0.0001220703125,0.0001220703125,0.0,13.0
8192,32768,2,8030,8030,2518,17977,84407,13259,0,84407,4718,0,1019.9230769230769,6492.846153846154,362.9230769230769,0.980224609375,0.980224609375,0.07684326171875,13.0
16384,16384,2,2,2,0,2,2,2,0,2,0,0,0.14285714285714285,0.14285714285714285,0.0,0.0001220703125,0.0001220703125,0.0,14.0
16384,16384,2,10,10,0,12,10,12,0,10,0,0,0.8571428571428571,0.7142857142857143,0.0,0.0006103515625,0.0006103515625,0.0,14.0
16384,16384,2,1,1,0,1,1,1,0,1,0,0,0.07142857142857142,0.07142857142857142,0.0,6.103515625e-05,6.103515625e-05,0.0,14.0
16384,16384,2,1,1,0,1,1,1,0,1,0,0,0.07142857142857142,0.07142857142857142,0.0,6.103515625e-05,6.103515625e-05,0.0,14.0
16384,16384,2,45,45,0,61,89,61,0,89,0,0,4.357142857142857,6.357142857142857,0.0,0.00274658203125,0.00274658203125,0.0,14.0
16384,16384,2,1,1,0,1,1,1,0,1,0,0,0.07142857142857142,0.07142857142857142,0.0,6.103515625e-05,6.103515625e-05,0.0,14.0
16384,16384,2,21,21,0,24,26,24,0,26,0,0,1.7142857142857142,1.8571428571428572,0.0,0.00128173828125,0.00128173828125,0.0,14.0
16384,16384,2,10,10,0,11,12,11,0,12,0,0,0.7857142857142857,0.8571428571428571,0.0,0.0006103515625,0.0006103515625,0.0,14.0
16384,16384,2,1,1,0,1,1,1,0,1,0,0,0.07142857142857142,0.07142857142857142,0.0,6.103515625e-05,6.103515625e-05,0.0,14.0
16384,16384,2,26,26,0,29,33,29,0,33,0,0,2.0714285714285716,2.357142857142857,0.0,0.0015869140625,0.0015869140625,0.0,14.0
16384,16384,2,15,15,0,18,22,18,0,22,0,0,1.2857142857142858,1.5714285714285714,0.0,0.00091552734375,0.00091552734375,0.0,14.0
16384,16384,2,1,1,0,1,1,1,0,1,0,0,0.07142857142857142,0.07142857142857142,0.0,6.103515625e-05,6.103515625e-05,0.0,14.0
16384,16384,2,2,2,0,2,2,2,0,2,0,0,0.14285714285714285,0.14285714285714285,0.0,0.0001220703125,0.0001220703125,0.0,14.0
16384,16384,2,1,1,0,1,1,1,0,1,0,0,0.07142857142857142,0.07142857142857142,0.0,6.103515625e-05,6.103515625e-05,0.0,14.0
16384,16384,2,11,11,0,12,15,12,0,15,0,0,0.8571428571428571,1.0714285714285714,0.0,0.00067138671875,0.00067138671875,0.0,14.0
16384,32768,2,13014,13014,877,21027,131425,19284,0,131425,1743,0,1377.4285714285713,9387.5,124.5,0.7943115234375,0.7943115234375,0.026763916015625,14.0
16384,32768,2,13012,13012,867,20898,132066,19141,0,132066,1757,0,1367.2142857142858,9433.285714285714,125.5,0.794189453125,0.794189453125,0.026458740234375,14.0
16384,32768,2,13012,13012,878,20933,132209,19277,0,132209,1656,0,1376.9285714285713,9443.5,118.28571428571429,0.794189453125,0.794189453125,0.02679443359375,14.0
16384,32768,2,13012,13012,851,20918,132017,19303,0,132017,1615,0,1378.7857142857142,9429.785714285714,115.35714285714286,0.794189453125,0.794189453125,0.025970458984375,14.0
16384,32768,2,13012,13012,865,20905,132179,19215,0,132179,1690,0,1372.5,9441.357142857143,120.71428571428571,0.794189453125,0.794189453125,0.026397705078125,14.0
16384,32768,2,13015,13015,912,20876,132486,19109,0,132486,1767,0,1364.9285714285713,9463.285714285714,126.21428571428571,0.79437255859375,0.79437255859375,0.02783203125,14.0
16384,32768,2,13012,13012,877,20921,132376,19229,0,132376,1692,0,1373.5,9455.42857142857,120.85714285714286,0.794189453125,0.794189453125,0.026763916015625,14.0
16384,32768,2,13013,13013,873,20967,132054,19267,0,132054,1700,0,1376.2142857142858,9432.42857142857,121.42857142857143,0.79425048828125,0.79425048828125,0.026641845703125,14.0
16384,32768,2,13012,13012,895,20947,131928,19176,0,131928,1771,0,1369.7142857142858,9423.42857142857,126.5,0.794189453125,0.794189453125,0.027313232421875,14.0
16384,32768,2,13012,13012,896,20974,132091,19255,0,132091,1719,0,1375.357142857143,9435.07142857143,122.78571428571429,0.794189453125,0.794189453125,0.02734375,14.0
16384,32768,2,13012,13012,876,20904,132210,19194,0,132210,1710,0,1371.0,9443.57142857143,122.14285714285714,0.794189453125,0.794189453125,0.0267333984375,14.0
16384,32768,2,13012,13012,911,21031,132253,19213,0,132253,1818,0,1372.357142857143,9446.642857142857,129.85714285714286,0.794189453125,0.794189453125,0.027801513671875,14.0
16384,32768,2,13012,13012,869,21110,131847,19320,0,131847,1790,0,1380.0,9417.642857142857,127.85714285714286,0.794189453125,0.794189453125,0.026519775390625,14.0
16384,32768,2,1,1,0,1,1,1,0,1,0,0,0.07142857142857142,0.07142857142857142,0.0,6.103515625e-05,6.103515625e-05,0.0,14.0
16384,32768,2,13013,13013,831,20807,131867,19149,0,131867,1658,0,1367.7857142857142,9419.07142857143,118.42857142857143,0.79425048828125,0.79425048828125,0.025360107421875,14.0
16384,65536,2,16078,16078,5036,36423,185324,26685,0,185324,9738,0,1906.0714285714287,13237.42857142857,695.5714285714286,0.9813232421875,0.9813232421875,0.07684326171875,14.0
16384,65536,2,16078,16078,5031,36467,185631,26724,0,185631,9743,0,1908.857142857143,13259.357142857143,695.9285714285714,0.9813232421875,0.9813232421875,0.0767669677734375,14.0
16384,65536,2,16078,16078,5136,36583,185381,26713,0,185381,9870,0,1908.0714285714287,13241.5,705.0,0.9813232421875,0.9813232421875,0.078369140625,14.0
16384,65536,2,16078,16078,5214,36603,185513,26587,0,185513,10016,0,1899.0714285714287,13250.92857142857,715.4285714285714,0.9813232421875,0.9813232421875,0.079559326171875,14.0
16384,65536,2,16078,16078,5179,36622,185317,26751,0,185317,9871,0,1910.7857142857142,13236.92857142857,705.0714285714286,0.9813232421875,0.9813232421875,0.0790252685546875,14.0
16384,65536,2,16078,16078,5195,36731,185473,26740,0,185473,9991,0,1910.0,13248.07142857143,713.6428571428571,0.9813232421875,0.9813232421875,0.0792694091796875,14.0
16384,65536,2,16078,16078,5162,36521,185585,26419,0,185585,10102,0,1887.0714285714287,13256.07142857143,721.5714285714286,0.9813232421875,0.9813232421875,0.078765869140625,14.0
16384,65536,2,16078,16078,5084,36199,185340,26384,0,185340,9815,0,1884.5714285714287,13238.57142857143,701.0714285714286,0.9813232421875,0.9813232421875,0.07757568359375,14.0
16384,65536,2,16078,16078,5101,36421,185483,26558,0,185483,9863,0,1897.0,13248.785714285714,704.5,0.9813232421875,0.9813232421875,0.0778350830078125,14.0
16384,65536,2,16078,16078,5276,36979,185566,26573,0,185566,10406,0,1898.0714285714287,13254.714285714286,743.2857142857143,0.9813232421875,0.9813232421875,0.08050537109375,14.0
16384,65536,2,16078,16078,5130,36375,185348,26582,0,185348,9793,0,1898.7142857142858,13239.142857142857,699.5,0.9813232421875,0.9813232421875,0.078277587890625,14.0
16384,65536,2,16078,16078,5117,36652,185216,26672,0,185216,9980,0,1905.142857142857,13229.714285714286,712.8571428571429,0.9813232421875,0.9813232421875,0.0780792236328125,14.0
16384,65536,2,16078,16078,5218,36823,185491,26750,0,185491,10073,0,1910.7142857142858,13249.357142857143,719.5,0.9813232421875,0.9813232421875,0.079620361328125,14.0
16384,65536,2,16078,16078,5103,36830,185478,26888,0,185478,9942,0,1920.5714285714287,13248.42857142857,710.1428571428571,0.9813232421875,0.9813232421875,0.0778656005859375,14.0
16384,65536,2,16078,16078,5109,36625,185401,26632,0,185401,9993,0,1902.2857142857142,13242.92857142857,713.7857142857143,0.9813232421875,0.9813232421875,0.0779571533203125,14.0
32768,32768,2,2,2,0,2,2,2,0,2,0,0,0.13333333333333333,0.13333333333333333,0.0,6.103515625e-05,6.103515625e-05,0.0,15.0
32768,32768,2,2,2,0,2,2,2,0,2,0,0,0.13333333333333333,0.13333333333333333,0.0,6.103515625e-05,6.103515625e-05,0.0,15.0
32768,32768,2,34,34,0,46,57,46,0,57,0,0,3.066666666666667,3.8,0.0,0.00103759765625,0.00103759765625,0.0,15.0
32768,32768,2,3,3,0,3,3,3,0,3,0,0,0.2,0.2,0.0,9.1552734375e-05,9.1552734375e-05,0.0,15.0
32768,32768,2,1,1,0,1,1,1,0,1,0,0,0.06666666666666667,0.06666666666666667,0.0,3.0517578125e-05,3.0517578125e-05,0.0,15.0
32768,32768,2,1,1,0,1,1,1,0,1,0,0,0.06666666666666667,0.06666666666666667,0.0,3.0517578125e-05,3.0517578125e-05,0.0,15.0
32768,32768,2,1,1,0,1,1,1,0,1,0,0,0.06666666666666667,0.06666666666666667,0.0,3.0517578125e-05,3.0517578125e-05,0.0,15.0
32768,32768,2,3,3,0,3,3,3,0,3,0,0,0.2,0.2,0.0,9.1552734375e-05,9.1552734375e-05,0.0,15.0
32768,32768,2,3,3,0,3,3,3,0,3,0,0,0.2,0.2,0.0,9.1552734375e-05,9.1552734375e-05,0.0,15.0
32768,32768,2,3,3,0,4,3,4,0,3,0,0,0.26666666666666666,0.2,0.0,9.1552734375e-05,9.1552734375e-05,0.0,15.0
32768,32768,2,2,2,0,2,2,2,0,2,0,0,0.13333333333333333,0.13333333333333333,0.0,6.103515625e-05,6.103515625e-05,0.0,15.0
32768,32768,2,2,2,0,2,2,2,0,2,0,0,0.13333333333333333,0.13333333333333333,0.0,6.103515625e-05,6.103515625e-05,0.0,15.0
32768,32768,2,2,2,0,2,2,2,0,2,0,0,0.13333333333333333,0.13333333333333333,0.0,6.103515625e-05,6.103515625e-05,0.0,15.0
32768,32768,2,1,1,0,1,1,1,0,1,0,0,0.06666666666666667,0.06666666666666667,0.0,3.0517578125e-05,3.0517578125e-05,0.0,15.0
32768,32768,2,468,468,0,685,1617,685,0,1617,0,0,45.666666666666664,107.8,0.0,0.0142822265625,0.0142822265625,0.0,15.0
32768,65536,2,26225,26225,1752,41974,292140,38539,0,292140,3435,0,2569.266666666667,19476.0,229.0,0.800323486328125,0.800323486328125,0.0267333984375,15.0
32768,65536,2,1,1,0,1,1,1,0,1,0,0,0.06666666666666667,0.06666666666666667,0.0,3.0517578125e-05,3.0517578125e-05,0.0,15.0
32768,65536,2,26225,26225,1776,42105,291319,38624,0,291319,3481,0,2574.9333333333334,19421.266666666666,232.06666666666666,0.800323486328125,0.800323486328125,0.027099609375,15.0
32768,65536,2,26226,26226,1785,42284,291988,38645,0,291988,3639,0,2576.3333333333335,19465.866666666665,242.6,0.80035400390625,0.80035400390625,0.0272369384765625,15.0
32768,65536,2,26225,26225,1682,42382,292199,39015,0,292199,3367,0,2601.0,19479.933333333334,224.46666666666667,0.800323486328125,0.800323486328125,0.025665283203125,15.0
32768,65536,2,26225,26225,1718,42213,291814,38765,0,291814,3448,0,2584.3333333333335,19454.266666666666,229.86666666666667,0.800323486328125,0.800323486328125,0.026214599609375,15.0
32768,65536,2,26225,26225,1691,42093,292102,38821,0,292102,3272,0,2588.0666666666666,19473.466666666667,218.13333333333333,0.800323486328125,0.800323486328125,0.0258026123046875,15.0
32768,65536,2,26225,26225,1825,42397,292070,38701,0,292070,3696,0,2580.0666666666666,19471.333333333332,246.4,0.800323486328125,0.800323486328125,0.0278472900390625,15.0
32768,65536,2,26225,26225,1795,42367,292119,38811,0,292119,3556,0,2587.4,19474.6,237.06666666666666,0.800323486328125,0.800323486328125,0.0273895263671875,15.0
32768,65536,2,26225,26225,1707,42229,292023,38915,0,292023,3314,0,2594.3333333333335,19468.2,220.93333333333334,0.800323486328125,0.800323486328125,0.0260467529296875,15.0
32768,65536,2,26227,26227,1815,42401,292538,38843,0,292538,3558,0,2589.5333333333333,19502.533333333333,237.2,0.800384521484375,0.800384521484375,0.0276947021484375,15.0
32768,65536,2,26225,26225,1763,42488,291677,38928,0,291677,3560,0,2595.2,19445.133333333335,237.33333333333334,0.800323486328125,0.800323486328125,0.0269012451171875,15.0
32768,65536,2,26225,26225,1730,42185,292412,38780,0,292412,3405,0,2585.3333333333335,19494.133333333335,227.0,0.800323486328125,0.800323486328125,0.026397705078125,15.0
32768,65536,2,26225,26225,1701,42054,291759,38728,0,291759,3326,0,2581.866666666667,19450.6,221.73333333333332,0.800323486328125,0.800323486328125,0.0259552001953125,15.0
32768,65536,2,26225,26225,1761,42232,292015,38572,0,292015,3660,0,2571.4666666666667,19467.666666666668,244.0,0.800323486328125,0.800323486328125,0.0268707275390625,15.0
32768,131072,2,32099,32099,10379,73475,401828,53129,0,401828,20346,0,3541.9333333333334,26788.533333333333,1356.4,0.979583740234375,0.979583740234375,0.07918548583984375,15.0
32768,131072,2,2,2,0,2,2,2,0,2,0,0,0.13333333333333333,0.13333333333333333,0.0,6.103515625e-05,6.103515625e-05,0.0,15.0
32768,131072,2,32099,32099,10419,73604,402061,53216,0,402061,20388,0,3547.733333333333,26804.066666666666,1359.2,0.979583740234375,0.979583740234375,0.07949066162109375,15.0
32768,131072,2,32099,32099,10310,73419,401917,53408,0,401917,20011,0,3560.5333333333333,26794.466666666667,1334.0666666666666,0.979583740234375,0.979583740234375,0.0786590576171875,15.0
32768,131072,2,32099,32099,10341,73487,401631,53232,0,401631,20255,0,3548.8,26775.4,1350.3333333333333,0.979583740234375,0.979583740234375,0.07889556884765625,15.0
32768,131072,2,32099,32099,10264,73496,401685,53391,0,401685,20105,0,3559.4,26779.0,1340.3333333333333,0.979583740234375,0.979583740234375,0.07830810546875,15.0
32768,131072,2,32099,32099,10347,73117,401850,53109,0,401850,20008,0,3540.6,26790.0,1333.8666666666666,0.979583740234375,0.979583740234375,0.07894134521484375,15.0
32768,131072,2,32099,32099,10156,72763,401704,52997,0,401704,19766,0,3533.133333333333,26780.266666666666,1317.7333333333333,0.979583740234375,0.979583740234375,0.077484130859375,15.0
32768,131072,2,32099,32099,10354,73219,401877,53192,0,401877,20027,0,3546.133333333333,26791.8,1335.1333333333334,0.979583740234375,0.979583740234375,0.0789947509765625,15.0
32768,131072,2,32099,32099,10353,73434,401803,53228,0,401803,20206,0,3548.5333333333333,26786.866666666665,1347.0666666666666,0.979583740234375,0.979583740234375,0.07898712158203125,15.0
32768,131072,2,32099,32099,10177,73318,402038,53316,0,402038,20002,0,3554.4,26802.533333333333,1333.4666666666667,0.979583740234375,0.979583740234375,0.07764434814453125,15.0
32768,131072,2,32099,32099,10346,73662,402032,53408,0,402032,20254,0,3560.5333333333333,26802.133333333335,1350.2666666666667,0.979583740234375,0.979583740234375,0.0789337158203125,15.0
32768,131072,2,32099,32099,10441,73211,401685,53241,0,401685,19970,0,3549.4,26779.0,1331.3333333333333,0.979583740234375,0.979583740234375,0.07965850830078125,15.0
32768,131072,2,32099,32099,10334,73137,401948,53154,0,401948,19983,0,3543.6,26796.533333333333,1332.2,0.979583740234375,0.979583740234375,0.0788421630859375,15.0
32768,131072,2,32099,32099,10246,72951,401569,52912,0,401569,20039,0,3527.4666666666667,26771.266666666666,1335.9333333333334,0.979583740234375,0.979583740234375,0.0781707763671875,15.0
